temp_exterior,hora,temp_interior,estacion,diferencia_temp,hora_categoria
8.727005942368123,14,-1.4297883345968536,otoño,-10.156794276964977,tarde
37.53571532049581,11,23.34179558835164,primavera,-14.19391973214417,mañana
26.599697090570253,15,16.630062261511952,invierno,-9.9696348290583,tarde
19.93292420985183,23,0.0113440616187041,otoño,-19.921580148233126,noche
-2.1990679778781743,18,-15.713317555329132,invierno,-13.514249577450958,tarde
-2.2002739831898674,7,-9.285379126763225,verano,-7.085105143573357,mañana
-7.095819391590027,20,-21.401771538029188,invierno,-14.30595214643916,noche
33.30880728874676,16,27.145143309892,invierno,-6.163663978854764,tarde
20.05575058716044,22,6.881253502248523,primavera,-13.174497084911916,noche
25.40362888980228,4,11.597395955036475,invierno,-13.806232934765806,madrugada
-8.970775285209879,21,-22.75051848966057,otoño,-13.779743204450693,noche
38.49549260809972,15,24.81492570702521,otoño,-13.680566901074506,tarde
31.62213204002109,5,13.562878038844872,verano,-18.059254001176217,madrugada
0.6169555339138082,7,-12.283348829156806,otoño,-12.900304363070614,mañana
-0.9087516396449686,17,-8.955543030625376,primavera,-8.046791390980408,tarde
-0.8297745073283096,11,-6.638967337840832,verano,-5.809192830512522,mañana
5.212112147976885,14,-3.817689639674729,otoño,-9.029801787651614,tarde
16.237821581611893,8,9.502576431746808,primavera,-6.735245149865085,mañana
11.597250932105789,12,-0.3522599569188305,otoño,-11.94951088902462,mañana
4.561457009902096,14,-3.89954025547576,otoño,-8.460997265377856,tarde
20.592644736118974,9,5.836542727519825,invierno,-14.756102008599148,mañana
-3.025306967397908,15,-14.435027740851227,otoño,-11.40972077345332,tarde
4.607232426760907,6,-8.617573209582702,otoño,-13.224805636343609,madrugada
8.318092164684586,16,1.9928454372661013,primavera,-6.3252467274184845,tarde
12.803499210851797,22,-0.8166456118744279,primavera,-13.620144822726225,noche
29.25879806965068,20,15.031226164516736,invierno,-14.227571905133944,noche
-0.0163108920820125,21,-9.886930080271371,otoño,-9.870619188189359,noche
15.71172192068058,6,4.649192543170807,invierno,-11.062529377509772,madrugada
19.620728443102124,13,6.972630434072169,otoño,-12.648098009029955,tarde
-7.6774793640001135,14,-14.42586563660424,verano,-6.748386272604126,tarde
20.37724259507192,20,10.351581830437496,verano,-10.025660764634424,noche
-1.4737938156354229,6,-10.460424093358554,invierno,-8.986630277723131,madrugada
-6.747420350736024,8,-13.211160272358516,invierno,-6.463739921622492,mañana
37.44427686266666,18,28.76893263975135,invierno,-8.675344222915314,tarde
38.28160165372797,15,32.599878559873034,primavera,-5.681723093854934,tarde
30.41986740582305,7,25.161748336328184,primavera,-5.258119069494867,mañana
5.230688458668535,17,-1.1209744328796925,primavera,-6.351662891548227,tarde
-5.116394299680806,22,-19.747545415572542,invierno,-14.631151115891736,noche
24.211651325607846,17,13.716355966657677,otoño,-10.49529535895017,tarde
12.007624686980066,19,-2.6505969245521346,verano,-14.6582216115322,noche
-3.8980882577610574,6,-13.223067041062375,invierno,-9.324978783301319,madrugada
14.75884550556351,2,1.6406841747109144,primavera,-13.118161330852596,madrugada
-8.28057394423908,17,-18.341992572641523,primavera,-10.061418628402443,tarde
35.4660201039391,9,26.07090321761,invierno,-9.395116886329102,mañana
2.938999080000846,6,-3.1176477626165937,invierno,-6.05664684261744,madrugada
23.126114217699097,16,11.717851070797035,primavera,-11.408263146902062,tarde
5.585553804470548,13,-1.574828020625448,otoño,-7.160381825095996,tarde
16.00340105889054,23,-0.1924784900877583,primavera,-16.195879548978297,noche
17.335513967163983,2,0.8335030431824499,primavera,-16.502010923981533,madrugada
-0.7572772237236478,11,-7.277525755010129,invierno,-6.520248531286481,mañana
38.47923138822793,12,32.86573511712125,otoño,-5.613496271106683,mañana
28.75664116805573,1,10.949025307371327,primavera,-17.8076158606844,madrugada
36.97494707820945,2,22.37694284051625,primavera,-14.598004237693203,madrugada
34.74136752138244,4,24.159729566327684,verano,-10.58163795505476,madrugada
19.894998940554256,10,4.946335768856585,invierno,-14.948663171697671,mañana
36.09371175115584,7,30.515906141192172,verano,-5.577805609963665,mañana
-5.575374897404025,22,-17.525727185989556,verano,-11.950352288585531,noche
-0.2008568790427407,22,-15.037646131676876,primavera,-14.836789252634135,noche
-7.738635554473097,11,-15.130436596632354,invierno,-7.391801042159257,mañana
6.266516538163216,6,-0.1559771487087449,otoño,-6.422493686871961,madrugada
9.4338644844741,14,3.2200150902498117,primavera,-6.2138493942242885,tarde
3.567451588694796,23,-9.46529988698116,otoño,-13.032751475675957,noche
31.436875457596464,16,25.42641734749,otoño,-6.010458110106466,tarde
7.837666334679465,3,-9.083947082261854,invierno,-16.92161341694132,madrugada
4.046725484369038,21,-1.576192496931589,verano,-5.622917981300627,noche
17.134804157912424,12,7.0405828764145255,invierno,-10.094221281497898,mañana
-2.953788751261868,17,-17.920757289791638,otoño,-14.96696853852977,tarde
30.109849037701984,0,11.970146342641796,primavera,-18.139702695060187,
-6.272467816011459,15,-17.424662198321567,otoño,-11.152194382310107,tarde
39.34434683002586,12,31.281810622159743,primavera,-8.06253620786612,mañana
28.61223846483287,9,17.373280101916485,primavera,-11.238958362916385,mañana
-0.0642159232913801,11,-10.334630562407895,invierno,-10.270414639116515,mañana
-9.72389414381988,1,-23.984727982723594,otoño,-14.260833838903714,madrugada
30.773071422741708,22,24.465967655339718,verano,-6.3071037674019905,noche
25.342867192380854,2,6.476825039976191,otoño,-18.866042152404663,madrugada
26.450358402049368,9,16.95251191383614,otoño,-9.497846488213227,mañana
28.563517334297288,1,16.617292216089638,verano,-11.94622511820765,madrugada
-6.297767413295482,22,-14.975360922068376,invierno,-8.677593508772894,noche
7.923286427213629,12,-1.2180110980756425,otoño,-9.141297525289271,mañana
-4.206547023743514,12,-17.481925979412257,otoño,-13.275378955668742,mañana
33.155171293779674,17,20.81902748816565,primavera,-12.336143805614025,tarde
21.164906341377897,2,3.4718574049644992,otoño,-17.693048936413398,madrugada
6.544901242632459,6,1.4345885983459876,verano,-5.110312644286472,madrugada
-6.822082485698818,13,-15.983622467496431,primavera,-9.161539981797613,tarde
5.54911608578311,19,-4.264325430570127,invierno,-9.813441516353237,noche
6.259166101337353,16,1.067243333106786,primavera,-5.191922768230567,tarde
26.480308916903205,20,18.882176829452863,verano,-7.598132087450342,noche
21.877873567760656,11,9.274975336539306,verano,-12.60289823122135,mañana
34.36063712881633,15,27.98954007152634,primavera,-6.37109705728999,tarde
13.610746258097464,23,-1.742355056428453,invierno,-15.353101314525917,noche
-4.0202877030849145,11,-11.17230642325729,primavera,-7.152018720172375,mañana
25.66223936114975,14,20.541031614710818,invierno,-5.121207746438934,tarde
28.03925243084487,9,20.62723785484945,primavera,-7.412014575995418,mañana
18.06385987847481,6,3.3051223293742744,verano,-14.758737549100534,madrugada
28.54835899772805,19,15.532987878898156,otoño,-13.015371118829895,noche
14.689779818219538,4,-4.905986624990796,otoño,-19.595766443210334,madrugada
16.136641469099704,0,1.2581010298360802,invierno,-14.878540439263624,
11.37705091792748,16,5.279688931152445,invierno,-6.097361986775035,tarde
-8.72904366279524,2,-24.20863855253217,invierno,-15.479594889736932,madrugada
-4.605428650334778,12,-14.149201995934389,verano,-9.543773345599611,mañana
-8.428540715663287,13,-21.872111543059447,primavera,-13.44357082739616,tarde
21.82052056318902,23,10.839694755346574,verano,-10.980825807842447,noche
5.717799053816334,17,-4.164612316401447,otoño,-9.882411370217781,tarde
15.42853455823514,3,3.928047911295296,invierno,-11.500486646939844,madrugada
35.37832369630465,17,27.131564427404047,primavera,-8.2467592689006,tarde
2.4646114574437465,4,-14.90895931643425,otoño,-17.373570773877997,madrugada
10.519146151781488,15,0.7589648580938224,otoño,-9.760181293687666,tarde
27.777556927152432,0,14.018674075694738,otoño,-13.758882851457694,
1.4399082745811231,20,-7.50485451111923,verano,-8.944762785700354,noche
-6.151004508560351,13,-15.745472192620216,invierno,-9.594467684059865,tarde
4.487572645688401,14,-8.362592792682168,otoño,-12.850165438370569,tarde
-1.938935637299778,8,-15.859782526702125,invierno,-13.920846889402346,mañana
36.484882617128655,14,21.93153575208937,verano,-14.553346865039284,tarde
30.40601897822085,16,17.5369851156679,otoño,-12.86903386255295,tarde
21.67018782552117,23,8.516118868041044,verano,-13.154068957480128,noche
33.57302950938588,3,16.69168244852046,verano,-16.881347060865423,madrugada
30.183603844955726,11,20.807572604401805,invierno,-9.376031240553921,mañana
-0.6714970556982074,4,-13.218203276158718,otoño,-12.54670622046051,madrugada
34.627949924498886,4,16.21923413023966,verano,-18.408715794259226,madrugada
16.967112095782536,10,11.582848606159285,otoño,-5.384263489623251,mañana
30.372007758203125,5,11.35438783684889,invierno,-19.017619921354235,madrugada
34.80456499617466,6,25.18979034992732,verano,-9.61477464624734,madrugada
5.900173748593193,23,-10.471841019489611,invierno,-16.372014768082806,noche
-4.497403773616162,13,-16.09094299567399,otoño,-11.59353922205783,tarde
1.3967581270970832,23,-17.554419279968283,otoño,-18.951177407065366,noche
11.355389431312815,10,-0.0113073903592582,invierno,-11.366696821672074,mañana
30.900738296124658,12,19.76140244852404,primavera,-11.139335847600616,mañana
33.036529162817175,1,22.370008757210275,verano,-10.6665204056069,madrugada
-9.652393473440464,6,-19.836473692892504,otoño,-10.18408021945204,madrugada
15.537365128878283,19,9.035675120707868,otoño,-6.501690008170415,noche
10.870550157438949,3,-6.503787529775906,verano,-17.374337687214854,madrugada
1.1053905235365118,7,-9.016828684590232,invierno,-10.122219208126744,mañana
-4.00673163331586,19,-15.809009425399392,invierno,-11.802277792083533,noche
6.880758570181399,21,1.4640295641575565,invierno,-5.416729006023843,noche
37.14548519562596,20,31.297565035167928,primavera,-5.847920160458031,noche
6.160146601037763,18,-6.00308727958906,primavera,-12.163233880626823,tarde
15.939531087168303,12,10.218687727181573,otoño,-5.7208433599867305,mañana
25.15094794475889,13,19.438380667106305,invierno,-5.712567277652585,tarde
8.1814801189647,9,3.060395366615825,verano,-5.1210847523488745,mañana
38.58910413604804,10,24.02409015305324,otoño,-14.565013982994802,mañana
38.12236474710557,1,20.74728115251549,verano,-17.37508359459008,madrugada
2.5891147912682086,8,-5.943399293752433,otoño,-8.532514085020642,mañana
14.862425294619271,16,6.897069481742719,primavera,-7.9653558128765525,tarde
5.043915490838483,2,-8.453116806620013,otoño,-13.497032297458496,madrugada
4.242024718873381,23,-13.504510592938438,primavera,-17.74653531181182,noche
-8.15565263227336,5,-24.769358742977506,otoño,-16.613706110704143,madrugada
20.47821669899484,4,8.626261020320163,invierno,-11.851955678674676,madrugada
15.133951161443076,4,3.392857808102232,verano,-11.741093353340844,madrugada
-7.426062437500533,21,-13.410018934634506,invierno,-5.983956497133973,noche
3.932323211830571,14,-7.670703985182811,otoño,-11.603027197013382,tarde
35.41329429833269,22,22.76956767611533,otoño,-12.643726622217358,noche
1.9780945333486208,16,-5.672369749901419,otoño,-7.65046428325004,tarde
-2.7552563954388454,8,-7.964706005747973,primavera,-5.209449610309128,mañana
14.47263801387815,2,3.650921339113877,verano,-10.821716674764273,madrugada
39.28252270553004,19,24.60392235707973,verano,-14.678600348450313,noche
2.10276357557502,16,-5.851684199199182,otoño,-7.954447774774202,tarde
23.606777370293926,9,10.91454589191259,otoño,-12.692231478381336,mañana
28.08098076643588,2,11.83434507789324,primavera,-16.24663568854264,madrugada
1.881877199619984,17,-6.937519196908975,invierno,-8.819396396528958,tarde
26.410817430592974,17,19.353944808637426,invierno,-7.056872621955549,tarde
8.38915663596266,16,2.175292454368596,verano,-6.213864181594064,tarde
21.615291529678974,23,5.465161849290308,primavera,-16.150129680388666,noche
21.676485538044734,2,3.930147731666853,otoño,-17.74633780637788,madrugada
16.788734203737924,2,0.3496916683266171,verano,-16.439042535411307,madrugada
-5.485511497279585,5,-20.788532829771167,primavera,-15.303021332491582,madrugada
31.7651247794619,12,26.34561254514553,invierno,-5.419512234316368,mañana
6.039003248586791,23,-13.645884527357047,primavera,-19.68488777594384,noche
-0.6740744800072882,14,-13.661216396553034,invierno,-12.987141916545745,tarde
-7.961242922261804,8,-15.88946328927145,primavera,-7.928220367009646,mañana
19.54464715941209,3,-0.2550561341764172,verano,-19.799703293588507,madrugada
23.87821809211412,13,12.859402195750896,invierno,-11.018815896363225,tarde
-9.170608553607192,4,-24.994835135679654,verano,-15.824226582072463,madrugada
15.60465291496405,1,-1.8760788793312744,verano,-17.480731794295323,madrugada
1.3247887598968973,10,-11.792909121004476,invierno,-13.117697880901373,mañana
22.25863952047249,8,10.693853447157466,invierno,-11.564786073315023,mañana
-1.2816785497504275,23,-12.562636013412428,otoño,-11.280957463662,noche
24.54688690512329,2,11.164211845178311,otoño,-13.38267505994498,madrugada
9.336767315026869,8,-4.944069088233629,otoño,-14.280836403260498,mañana
36.836499436836725,2,24.590343318398205,verano,-12.24615611843852,madrugada
-3.123952792700337,1,-16.84562303107547,verano,-13.721670238375133,madrugada
7.053317552512926,11,-2.267451276929034,otoño,-9.32076882944196,mañana
-4.326323937970546,9,-13.720373834915067,verano,-9.394049896944521,mañana
36.23468091392814,8,25.10528508898288,verano,-11.12939582494526,mañana
33.86696766904905,14,19.436209291601976,invierno,-14.430758377447077,tarde
2.8970813857577795,7,-4.50984573256727,invierno,-7.40692711832505,mañana
22.999202301708955,4,11.784188538699777,verano,-11.215013763009178,madrugada
30.86111001006079,10,23.886405111461418,otoño,-6.974704898599374,mañana
17.760040579973115,1,-1.109208422119579,primavera,-18.869249002092694,madrugada
16.482528917800323,23,0.0244207912482607,otoño,-16.458108126552062,noche
2.0926145450225846,14,-5.7664533473690165,primavera,-7.859067892391601,tarde
-5.344861609705039,5,-23.50433099939121,otoño,-18.159469389686173,madrugada
34.860787897666334,7,21.24708793403197,invierno,-13.613699963634364,mañana
35.02090285816652,4,16.55575947126374,verano,-18.46514338690278,madrugada
21.6550728636634,15,7.465807527267851,verano,-14.189265336395549,tarde
6.951489552435035,17,-0.5709206492985803,invierno,-7.522410201733615,tarde
7.460478730633046,5,-10.089940556829738,primavera,-17.550419287462784,madrugada
26.297783943511966,4,11.692388970770564,primavera,-14.605394972741403,madrugada
34.85551299762886,15,21.43552746872824,primavera,-13.419985528900618,tarde
34.354321213255865,12,22.069414441639733,invierno,-12.284906771616132,mañana
28.99377729288119,4,11.229302827883943,primavera,-17.76447446499725,madrugada
22.101582307714388,12,10.539963930903673,invierno,-11.561618376810715,mañana
-5.793001750247559,16,-12.567289444944628,otoño,-6.774287694697069,tarde
-1.9185642952693112,17,-12.368833484238694,otoño,-10.450269188969383,tarde
34.927709426353964,7,20.081012031108884,invierno,-14.84669739524508,mañana
20.321452982979498,12,5.947572318008309,verano,-14.373880664971189,mañana
-9.540147419168518,18,-14.971884777138634,otoño,-5.431737357970116,tarde
-4.9264228566983945,2,-16.574571013992767,primavera,-11.648148157294372,madrugada
23.175088455402797,23,11.857800720857174,invierno,-11.317287734545623,noche
-9.746920807689063,7,-22.00671990754202,primavera,-12.259799099852957,mañana
-1.9595974291250664,1,-20.13745072769452,primavera,-18.177853298569456,madrugada
17.436689468329305,7,10.301575805222589,verano,-7.135113663106717,mañana
24.594759884634662,12,14.536232955116372,primavera,-10.05852692951829,mañana
22.598062975130027,12,9.191032695018029,verano,-13.407030280111998,mañana
1.2134654730279897,0,-16.114549974634514,otoño,-17.328015447662505,
25.6089610673768,5,10.186589012458311,invierno,-15.422372054918489,madrugada
1.862454374840004,23,-14.041022529747725,primavera,-15.903476904587729,noche
6.269984907963387,18,-3.813620561199413,invierno,-10.0836054691628,tarde
27.324570255901207,15,19.349085742713,primavera,-7.975484513188206,tarde
22.48164495236073,7,11.83142502377057,invierno,-10.650219928590158,mañana
32.4611705247089,0,15.57231750420799,primavera,-16.888853020500907,
22.880644615017168,15,9.14741545640909,primavera,-13.733229158608077,tarde
18.415430166773582,8,7.052516626981102,primavera,-11.36291353979248,mañana
-5.316261608595376,12,-17.927476979026956,primavera,-12.61121537043158,mañana
8.385790152971676,10,1.7850738034259468,primavera,-6.6007163495457295,mañana
3.2601183840862724,12,-6.355456360111626,primavera,-9.615574744197898,mañana
2.1994821689541784,20,-2.8938340293167544,primavera,-5.093316198270933,noche
38.65052773762228,9,31.183739092406046,primavera,-7.46678864521623,mañana
9.65488623333802,3,-7.609730917792028,primavera,-17.264617151130047,madrugada
34.602327758855665,5,14.684228245362029,invierno,-19.918099513493637,madrugada
21.556931299863145,6,15.565150303990986,verano,-5.991780995872158,madrugada
29.740565177082424,4,15.72562201846954,primavera,-14.014943158612883,madrugada
15.131854655259604,10,2.1311449682680106,verano,-13.000709686991593,mañana
18.845194231317954,12,11.804837885028968,primavera,-7.040356346288986,mañana
14.625884690943195,18,4.075035197920332,primavera,-10.550849493022863,tarde
-0.2378506100977748,22,-12.568563570394522,invierno,-12.330712960296747,noche
26.122605763075263,9,14.962751260473471,otoño,-11.159854502601792,mañana
4.03861812204279,9,-2.8416292241113714,otoño,-6.880247346154161,mañana
-8.784201678427308,10,-17.3380473652847,invierno,-8.553845686857393,mañana
22.27361479535839,20,9.435696950504418,verano,-12.837917844853973,noche
-1.1444660296475533,6,-11.68673117096772,otoño,-10.542265141320167,madrugada
37.02292921764572,17,31.97063308221659,invierno,-5.052296135429128,tarde
37.696428850129365,3,20.086521249848428,invierno,-17.609907600280938,madrugada
35.743219511022424,1,25.390105961620037,otoño,-10.353113549402387,madrugada
8.507935012772219,13,-3.949402814540104,verano,-12.457337827312323,tarde
-9.227169173556629,12,-16.251974775209003,invierno,-7.024805601652375,mañana
36.415928129386266,11,21.835193328192464,primavera,-14.580734801193802,mañana
11.409207415865716,6,2.7297999028448707,verano,-8.679407513020845,madrugada
38.33274095218348,1,25.063424788802685,verano,-13.269316163380793,madrugada
38.18099885446264,12,31.6921183511382,otoño,-6.488880503324445,mañana
32.650472773368,13,24.594430618465854,otoño,-8.056042154902148,tarde
4.722444603479284,16,-9.044063014802722,primavera,-13.766507618282006,tarde
9.254886430096263,8,-5.708456946176209,invierno,-14.963343376272473,mañana
32.556833575842845,16,23.87373827077436,otoño,-8.683095305068484,tarde
5.846100257813884,7,-3.640006051731541,otoño,-9.486106309545425,mañana
-1.5253626656953756,1,-18.74607204772275,verano,-17.220709382027373,madrugada
17.840063122917506,23,-1.0218946817332366,otoño,-18.861957804650743,noche
36.80773870803905,12,25.877295366171204,otoño,-10.930443341867843,mañana
24.801489833748647,2,10.886232851970354,otoño,-13.915256981778294,madrugada
18.50305850446825,15,9.376840095982011,otoño,-9.126218408486238,tarde
-5.1411753114615735,5,-22.09735677642964,verano,-16.956181464968065,madrugada
20.750361334958487,18,15.7181786989157,primavera,-5.032182636042787,tarde
39.50269250521316,6,28.30679913061476,primavera,-11.195893374598402,madrugada
-2.995799238173799,9,-11.550729342587372,invierno,-8.554930104413573,mañana
15.916482618186835,8,2.974509305415994,otoño,-12.941973312770841,mañana
33.86865359639777,1,22.93874719816645,verano,-10.92990639823132,madrugada
27.03843088771022,14,16.156408218226314,invierno,-10.882022669483906,tarde
24.8507870497634,4,10.04105815090216,invierno,-14.809728898861241,madrugada
25.12420419935546,21,13.700948940303189,primavera,-11.423255259052272,noche
7.974557560987758,3,-2.6739783838419253,verano,-10.648535944829684,madrugada
4.679592213224668,19,-6.120245661056645,verano,-10.799837874281312,noche
30.46805777392568,3,14.853211894330444,verano,-15.614845879595235,madrugada
30.50566973395904,17,19.89906878979733,primavera,-10.606600944161709,tarde
33.35361592900519,3,17.31873926304064,primavera,-16.034876665964546,madrugada
35.66202762782356,16,23.89734825555994,primavera,-11.764679372263622,tarde
15.56711994304689,11,2.5172299462391923,primavera,-13.049889996807698,mañana
15.07581473435998,21,7.377607533077837,primavera,-7.698207201282143,noche
29.91475894833876,16,16.66426484653814,otoño,-13.250494101800623,tarde
22.49819653888826,9,12.515639716253723,otoño,-9.982556822634535,mañana
25.09834386288517,21,19.32776107154185,verano,-5.770582791343319,noche
29.78963347180505,0,19.204124179365262,invierno,-10.585509292439788,
34.50026709087832,21,26.15788390391771,verano,-8.342383186960607,noche
6.89975784257679,23,-10.949211928537885,invierno,-17.848969771114675,noche
8.779147631997201,17,-3.297661715411955,primavera,-12.076809347409156,tarde
-5.30090300795655,17,-18.187052654680613,invierno,-12.886149646724064,tarde
18.9140070498087,13,8.741316485392606,verano,-10.172690564416094,tarde
-8.202886310162896,14,-17.6048762897178,verano,-9.401989979554905,tarde
13.27990090662301,11,6.80537563956017,invierno,-6.474525267062839,mañana
17.13223173537883,3,3.850304199285716,otoño,-13.281927536093114,madrugada
4.32706260641422,2,-10.013131055324532,primavera,-14.340193661738752,madrugada
19.541663028450536,19,13.655658731654365,primavera,-5.886004296796171,noche
-8.47498750304753,11,-15.68110703015964,verano,-7.20611952711211,mañana
-8.13259056253928,6,-19.114843503176665,otoño,-10.982252940637386,madrugada
31.130028032982917,10,18.773396890591016,invierno,-12.356631142391901,mañana
8.009532070563143,0,-11.973943043366354,primavera,-19.983475113929497,
-3.646974367405761,5,-22.97810768084134,otoño,-19.33113331343558,madrugada
16.112163002740218,14,4.686511007388303,primavera,-11.425651995351915,tarde
28.499677654930544,14,19.287197121989824,otoño,-9.21248053294072,tarde
0.7910513748421586,18,-10.570722272240168,otoño,-11.361773647082327,tarde
21.14452379095001,10,8.288007610147694,verano,-12.856516180802316,mañana
-5.7326267503116,22,-11.915988659545471,primavera,-6.183361909233871,noche
-7.415913941569615,1,-21.514962838532497,invierno,-14.099048896962882,madrugada
16.5677315784074,13,3.169708722051228,verano,-13.398022856356173,tarde
17.031756080505325,1,3.193426561174885,verano,-13.83832951933044,madrugada
21.871495074910328,3,6.152772362638462,invierno,-15.718722712271866,madrugada
26.30456668613308,16,15.426873077511097,verano,-10.877693608621982,tarde
38.79260397312673,2,26.947841441790334,otoño,-11.844762531336396,madrugada
15.815017415059769,12,7.192662998536884,otoño,-8.622354416522885,mañana
6.1478236470623,8,-2.1972892403570228,primavera,-8.345112887419322,mañana
29.759309738435185,6,24.497342653114536,primavera,-5.261967085320649,madrugada
3.541612563103712,14,-1.7003050758098404,invierno,-5.241917638913552,tarde
11.948571035281804,22,-1.36839940147593,primavera,-13.316970436757734,noche
-6.077180932886702,10,-13.807889032614828,otoño,-7.730708099728125,mañana
-8.732462829227124,19,-18.91325049161528,invierno,-10.180787662388155,noche
38.132420733896254,1,25.145164998008525,invierno,-12.987255735887729,madrugada
31.79900602561029,14,17.392213574456882,primavera,-14.406792451153407,tarde
24.798710304684896,13,17.20574271602716,otoño,-7.592967588657736,tarde
10.447647220713495,19,1.1510790933241442,invierno,-9.296568127389351,noche
-1.3352839964577117,21,-15.06258650130373,otoño,-13.727302504846019,noche
-2.178147866445697,10,-15.597483534363786,otoño,-13.419335667918089,mañana
2.512144908229766,2,-9.348869270233006,otoño,-11.861014178462773,madrugada
17.461333235306025,16,4.4349001373489205,primavera,-13.026433097957105,tarde
25.72979613500312,11,16.147927267624194,verano,-9.581868867378926,mañana
23.009868835886564,23,8.180180115033012,verano,-14.829688720853552,noche
3.9966948472971424,20,-2.338104876862295,invierno,-6.334799724159438,noche
37.7432640331597,14,31.937248895588457,otoño,-5.80601513757124,tarde
26.894845834788427,15,14.615452765050776,primavera,-12.279393069737651,tarde
17.717702625570034,4,2.753091102017036,otoño,-14.964611523552998,madrugada
20.58603731171761,19,11.217530285565816,otoño,-9.368507026151795,noche
10.980003121389494,5,-6.315079165134474,primavera,-17.295082286523968,madrugada
2.3865494750578726,18,-10.268579514853226,verano,-12.655128989911098,tarde
7.798633932563078,4,-3.790447744130457,otoño,-11.589081676693535,madrugada
27.89230552321845,2,11.790054028442045,otoño,-16.102251494776404,madrugada
-9.280325568512207,0,-20.63386639128906,verano,-11.353540822776854,
-4.196367974654188,5,-21.710118834944645,primavera,-17.513750860290457,madrugada
-7.699867898912363,14,-19.26941946158376,invierno,-11.569551562671396,tarde
-7.963559884051493,1,-27.529706094886077,verano,-19.56614621083458,madrugada
32.77302920055036,2,22.08344903698615,invierno,-10.689580163564212,madrugada
25.18289296900118,16,19.61234575748864,invierno,-5.57054721151254,tarde
13.70869145436626,23,0.8868207074342589,verano,-12.821870746932001,noche
-5.108291967449926,11,-12.725348804808986,otoño,-7.61705683735906,mañana
14.58079375584162,17,7.11100576512162,invierno,-7.46978799072,tarde
13.673588539028284,14,-0.3889572661820821,invierno,-14.062545805210366,tarde
-1.3399065044992415,11,-8.835368502994303,primavera,-7.4954619984950615,mañana
11.692582461898652,15,3.973085200612342,otoño,-7.71949726128631,tarde
9.925236719868671,7,-2.668745904310967,invierno,-12.593982624179638,mañana
20.792504902610823,13,11.295106478105422,primavera,-9.4973984245054,tarde
21.75468254338219,16,8.987576973830379,otoño,-12.767105569551813,tarde
-7.7347995113977746,20,-13.388461087041629,verano,-5.653661575643854,noche
8.730630731323561,7,-1.145081205410282,verano,-9.875711936733843,mañana
21.29299578571182,14,15.956859783878992,primavera,-5.336136001832829,tarde
15.156812929004383,13,9.53028089445084,verano,-5.626532034553543,tarde
32.82449205941612,17,18.760117525972007,invierno,-14.064374533444116,tarde
22.93468158094725,19,16.542227869771295,otoño,-6.392453711175953,noche
-1.8532786459285155,6,-12.177485468680686,invierno,-10.32420682275217,madrugada
-6.471562629978508,2,-20.582518655985574,invierno,-14.110956026007067,madrugada
22.12096391031578,11,13.647530647727354,verano,-8.473433262588426,mañana
-8.67443447291891,20,-22.672767929791632,invierno,-13.998333456872723,noche
19.288779063673164,23,9.07054509591827,verano,-10.218233967754895,noche
37.01151207124788,2,20.373615209491987,otoño,-16.63789686175589,madrugada
18.77370889379395,19,4.139764551658445,otoño,-14.633944342135504,noche
9.408496310326097,13,-1.193185524292323,invierno,-10.60168183461842,tarde
22.16441092211766,14,7.796186301786742,primavera,-14.368224620330919,tarde
12.912644524575832,13,7.390065731715595,verano,-5.522578792860237,tarde
17.280839465796745,6,8.092906275055132,verano,-9.187933190741614,madrugada
37.07324043882626,16,29.47166252920575,invierno,-7.601577909620509,tarde
9.305131890038712,11,-3.003077759768585,verano,-12.308209649807297,mañana
38.05952819119571,19,23.246557286223243,verano,-14.812970904972467,noche
35.26753209780318,3,22.702231473360705,primavera,-12.565300624442479,madrugada
-0.2104432605351789,8,-11.752189275275924,primavera,-11.541746014740745,mañana
-6.531934956241727,5,-18.51291128383913,invierno,-11.980976327597403,madrugada
-4.961099931128667,15,-15.614402476844766,primavera,-10.653302545716098,tarde
-9.088908717422514,21,-18.72823358430588,invierno,-9.639324866883365,noche
-5.27785196220358,21,-19.99790525851895,otoño,-14.72005329631537,noche
24.150338670817845,20,13.06506594385318,invierno,-11.085272726964666,noche
-6.440567576988551,20,-14.93563129785674,otoño,-8.495063720868188,noche
5.948781514688065,1,-5.192176334191268,invierno,-11.140957848879333,madrugada
32.24376554847273,23,20.731297261123384,verano,-11.512468287349346,noche
-8.836403213208706,7,-16.089572512721055,primavera,-7.253169299512349,mañana
30.72342412944679,10,23.21375751604381,otoño,-7.509666613402981,mañana
4.092738738669997,12,-9.413421839741382,invierno,-13.506160578411379,mañana
-4.091758618917187,16,-14.703986501742436,primavera,-10.612227882825248,tarde
24.836858268207536,7,14.602949154463872,invierno,-10.233909113743664,mañana
21.4471423389942,20,15.299453620302026,primavera,-6.147688718692175,noche
33.873600676352645,17,20.27220374285829,primavera,-13.601396933494353,tarde
26.75355219019429,17,14.525409158109454,invierno,-12.228143032084837,tarde
30.17404651924243,13,24.49736290024241,otoño,-5.67668361900002,tarde
4.101728628565324,14,-7.976622343732362,otoño,-12.078350972297685,tarde
-1.1280228110138584,5,-16.563404984440318,verano,-15.43538217342646,madrugada
27.53073758204292,10,21.71348412457513,primavera,-5.817253457467789,mañana
30.341736963363203,12,20.75873054807664,verano,-9.583006415286562,mañana
39.52525710003366,0,24.678294228733197,verano,-14.846962871300466,
10.630883845571326,5,-1.0268615560614318,invierno,-11.657745401632758,madrugada
8.600904289639157,8,-5.856077180363666,invierno,-14.456981470002823,mañana
28.820648037099843,7,15.320894322293224,invierno,-13.49975371480662,mañana
7.040177012650894,10,-4.650046360640189,primavera,-11.690223373291083,mañana
36.53786628017824,21,26.91491067017216,invierno,-9.622955610006084,noche
32.92063759215059,18,23.802982176305505,invierno,-9.117655415845086,tarde
11.44970136875092,23,-5.060033302758622,primavera,-16.50973467150954,noche
27.543553389574868,8,17.089234695505812,primavera,-10.454318694069055,mañana
27.72714370423412,16,22.10441264541526,otoño,-5.622731058818861,tarde
-4.84380655820337,11,-14.968833045906685,invierno,-10.125026487703316,mañana
35.127645333978336,13,22.063609161649943,invierno,-13.064036172328393,tarde
15.262618622392855,14,5.670219846423276,invierno,-9.59239877596958,tarde
31.322873305387084,15,25.8033075298444,otoño,-5.519565775542684,tarde
6.002480051530586,21,-6.860301942309745,invierno,-12.862781993840331,noche
34.77616142481003,21,27.762523603450283,otoño,-7.013637821359744,noche
9.460083936708156,19,1.873875587827768,verano,-7.586208348880388,noche
-9.458117425985082,0,-21.10518096030804,otoño,-11.647063534322958,
35.26909882096318,9,26.966948172248205,verano,-8.302150648714974,mañana
-5.435666160693322,7,-18.003181217579673,invierno,-12.56751505688635,mañana
5.965681879520744,17,-4.228176715518629,verano,-10.193858595039373,tarde
37.50309835254025,0,25.45428561103312,otoño,-12.048812741507128,
37.53035734687781,1,18.7520565653574,primavera,-18.778300781520407,madrugada
18.671894406164306,0,-0.1239241433509867,verano,-18.795818549515293,
21.591860608489963,0,2.886076358029893,verano,-18.70578425046007,
12.42227609891599,8,5.034313985100598,invierno,-7.387962113815393,mañana
4.660538584903227,12,-4.8518548569066535,otoño,-9.51239344180988,mañana
6.433227268495799,0,-13.416669292912951,verano,-19.84989656140875,
23.62592280385192,12,10.905798040752018,verano,-12.720124763099903,mañana
27.618726471884003,19,22.34705225962841,verano,-5.2716742122555935,noche
29.578952186292423,21,23.926906273687507,verano,-5.652045912604915,noche
29.48090713972769,6,19.84159337160436,primavera,-9.63931376812333,madrugada
-5.439694847565482,1,-24.53189690618108,otoño,-19.092202058615598,madrugada
14.721015235129071,5,-0.6660027443980692,invierno,-15.38701797952714,madrugada
-7.122061999167785,6,-17.10018707951069,invierno,-9.978125080342904,madrugada
17.476444116186777,13,11.421707116620471,primavera,-6.054736999566305,tarde
12.07652506866885,17,0.508724021425909,otoño,-11.567801047242941,tarde
34.38520913791499,14,21.16417753191273,verano,-13.22103160600226,tarde
7.545750627603933,1,-6.2584494474716905,primavera,-13.804200075075624,madrugada
-4.146649178619707,9,-16.90276768787298,otoño,-12.756118509253273,mañana
-2.850415897358207,22,-17.495182436366324,verano,-14.644766539008117,noche
28.075531585873613,11,21.03786699459672,primavera,-7.037664591276894,mañana
20.910903165813053,16,10.67760685386564,otoño,-10.233296311947413,tarde
-4.943866193860488,7,-12.815245774706243,invierno,-7.871379580845755,mañana
-5.794659694250129,10,-18.72320388458852,invierno,-12.928544190338393,mañana
25.048456572956,2,9.272522914144425,otoño,-15.775933658811574,madrugada
-6.361849681790323,5,-22.70767385729336,invierno,-16.34582417550304,madrugada
31.093002964517808,8,18.11386136835887,otoño,-12.97914159615894,mañana
25.31211135782481,5,11.352406631200262,verano,-13.95970472662455,madrugada
-5.932560967905012,8,-20.083461651975444,otoño,-14.150900684070432,mañana
-5.758114295740404,6,-16.088402968201805,verano,-10.330288672461402,madrugada
39.33197892505877,8,32.75243069670529,primavera,-6.579548228353481,mañana
8.713539787806017,17,-3.245451393882007,otoño,-11.958991181688024,tarde
8.532107353344546,11,-4.400506151037998,primavera,-12.932613504382545,mañana
30.639978362875127,7,22.47236159219986,invierno,-8.167616770675266,mañana
37.36242886919293,7,23.790636299205403,verano,-13.57179256998753,mañana
39.30005319114355,17,25.238620643485884,otoño,-14.061432547657663,tarde
27.66890926294708,19,19.899864389168997,primavera,-7.769044873778082,noche
8.81297927654579,14,-6.022235450606431,verano,-14.83521472715222,tarde
-5.824964165066562,6,-12.232079445554144,verano,-6.407115280487582,madrugada
28.85734579637184,10,21.837189112346937,invierno,-7.020156684024901,mañana
17.920212486790252,19,11.07796409440999,invierno,-6.842248392380261,noche
11.211100462348814,15,-2.728796637729891,verano,-13.939897100078705,tarde
35.3177192547368,3,18.774793731487183,verano,-16.542925523249618,madrugada
-4.440125884692433,5,-15.961168716915164,otoño,-11.521042832222731,madrugada
14.631255214542955,21,5.228021030859466,verano,-9.40323418368349,noche
-9.432317761629047,2,-25.58529801232707,otoño,-16.152980250698022,madrugada
13.433032099706312,8,7.59839124981248,verano,-5.834640849893831,mañana
-7.184836215908133,9,-21.00899989998152,invierno,-13.824163684073389,mañana
-4.059104186596404,13,-17.095139541011754,otoño,-13.03603535441535,tarde
-4.123687661144756,10,-14.17575539691114,primavera,-10.052067735766382,mañana
22.46051510580317,17,7.789248953211471,invierno,-14.6712661525917,tarde
27.302243963271167,21,18.12463417052017,otoño,-9.177609792750996,noche
19.168438254857985,11,4.327335064493004,otoño,-14.841103190364981,mañana
38.10862742372709,22,26.429427435690823,primavera,-11.67919998803627,noche
8.743528976185203,11,-2.603183756354211,otoño,-11.346712732539414,mañana
4.285604314093037,12,-2.3739446388648133,verano,-6.65954895295785,mañana
33.429956409473014,12,19.61067882642657,primavera,-13.819277583046443,mañana
1.1797919259726315,18,-8.09510495323352,invierno,-9.274896879206151,tarde
38.161126972030566,18,31.53879291420577,invierno,-6.622334057824794,tarde
-9.392276265509183,22,-14.518351465266774,verano,-5.12607519975759,noche
38.49394133538196,13,27.89638449899813,invierno,-10.59755683638383,tarde
-7.842004402471194,3,-23.11600062369796,otoño,-15.273996221226767,madrugada
34.55715568490356,12,22.363619461211968,otoño,-12.193536223691595,mañana
16.385055454314994,7,2.482474924136973,verano,-13.902580530178021,mañana
39.64823980596502,22,33.85417395953473,invierno,-5.794065846430293,noche
-6.310171763230057,20,-18.62513666663368,invierno,-12.314964903403622,noche
17.69271422006604,22,10.81859477909022,verano,-6.87411944097582,noche
38.46512678095495,18,24.883356249383308,primavera,-13.581770531571639,tarde
16.15489220850744,11,2.964257069890881,invierno,-13.19063513861656,mañana
21.46993190676313,17,11.061994356907682,primavera,-10.407937549855447,tarde
24.787434449230854,5,7.685006462997741,invierno,-17.102427986233113,madrugada
12.727053238388663,17,4.58355210655118,invierno,-8.143501131837482,tarde
21.37790400420317,18,11.666225014875028,invierno,-9.711678989328142,tarde
19.21571559615501,21,5.999346619050295,invierno,-13.216368977104716,noche
35.057900524549446,4,20.465248552817307,otoño,-14.592651971732138,madrugada
-7.727680982927106,23,-21.305663636181524,primavera,-13.577982653254418,noche
4.048159479611517,8,-5.893964992891483,primavera,-9.942124472503,mañana
37.520574203827934,2,19.23808167945575,invierno,-18.282492524372184,madrugada
34.51318919454582,9,26.16110872083709,invierno,-8.352080473708728,mañana
12.782837639285646,18,6.045221707928207,primavera,-6.737615931357438,tarde
21.00662989007684,2,3.886489686769032,otoño,-17.12014020330781,madrugada
3.8690591490566337,21,-9.390722978024185,verano,-13.259782127080818,noche
-0.5939420138119349,14,-6.600316799047269,verano,-6.006374785235334,tarde
13.18492024699911,0,0.7861791194396623,primavera,-12.398741127559447,
7.66761140130264,6,1.247891503692701,invierno,-6.419719897609939,madrugada
19.1828055925436,11,10.703391476721936,invierno,-8.479414115821662,mañana
-6.113268151750758,16,-15.616777940804884,otoño,-9.503509789054124,tarde
38.71974038330833,20,26.231477013675264,verano,-12.488263369633064,noche
39.31053722398014,23,22.7990613751634,otoño,-16.51147584881674,noche
24.908085700987257,19,13.698800026202946,verano,-11.209285674784311,noche
16.80481831720602,4,3.281068851109477,primavera,-13.523749466096543,madrugada
5.476380814316388,3,-12.938094716531213,verano,-18.4144755308476,madrugada
30.68975098534743,11,20.976879311365785,otoño,-9.712871673981645,mañana
24.236558627693967,19,9.445509247542422,otoño,-14.791049380151545,noche
-1.8691530327554349,23,-18.2105744157128,otoño,-16.341421382957364,noche
35.546359224692125,17,29.283711809047094,primavera,-6.262647415645031,tarde
31.12686214615845,16,19.36508652540411,verano,-11.761775620754342,tarde
37.4899956645962,18,29.23895551027921,verano,-8.25104015431699,tarde
26.285975419418,8,14.422703452557029,otoño,-11.863271966860973,mañana
20.670759796789493,3,9.974348315165436,verano,-10.696411481624057,madrugada
10.912151814530944,20,4.16333744277135,invierno,-6.748814371759594,noche
36.63642416770066,1,18.0790515786428,invierno,-18.55737258905786,madrugada
33.30319447502042,3,21.03139890478527,invierno,-12.271795570235149,madrugada
-7.73906649469053,1,-26.10947774711993,verano,-18.3704112524294,madrugada
-8.6816512751374,14,-16.474412159681503,primavera,-7.792760884544103,tarde
8.82316834390248,1,-7.605650756684597,primavera,-16.428819100587077,madrugada
30.527666539091648,3,13.586160803993335,primavera,-16.94150573509831,madrugada
39.36380646574722,5,24.23725893429669,primavera,-15.126547531450527,madrugada
-2.479155444823591,6,-10.532262211790904,invierno,-8.053106766967314,madrugada
19.70653576760676,9,12.580092003895794,invierno,-7.126443763710965,mañana
9.044542831551077,18,3.712649285926815,otoño,-5.331893545624261,tarde
38.49571989073016,18,30.45625587832292,verano,-8.039464012407237,tarde
32.10594615678544,21,20.574318251472604,verano,-11.531627905312838,noche
31.91643523555689,11,17.53338705107206,primavera,-14.383048184484828,mañana
13.434657989748516,2,-5.277386832882005,invierno,-18.71204482263052,madrugada
10.74097511688326,12,-1.919672648469767,primavera,-12.660647765353026,mañana
3.670353596535312,17,-9.214119835997677,otoño,-12.884473432532989,tarde
-7.181225167453644,7,-18.8310742022136,verano,-11.649849034759956,mañana
33.23611881275266,20,25.63325023709263,verano,-7.602868575660029,noche
30.64505045650388,14,16.573100149445583,primavera,-14.071950307058298,tarde
39.98588366430653,0,23.278560545248187,otoño,-16.70732311905834,
39.83184185369527,2,24.227435543890863,verano,-15.60440630980441,madrugada
17.771585280131372,7,11.661690587996562,otoño,-6.1098946921348105,mañana
28.449370759025527,3,13.978815320961273,otoño,-14.470555438064254,madrugada
37.23828649412141,15,27.634703782102143,primavera,-9.603582712019268,tarde
32.482369533870575,22,18.83673343864388,invierno,-13.645636095226696,noche
2.367405087159882,9,-8.099077114718002,primavera,-10.466482201877884,mañana
12.527206765504676,11,3.72320127580058,invierno,-8.804005489704096,mañana
-3.542029242425251,13,-18.310032527531845,otoño,-14.768003285106595,tarde
37.70255136293612,13,31.595345429672964,invierno,-6.107205933263156,tarde
20.308731722544003,1,6.083247439424557,otoño,-14.225484283119446,madrugada
1.4321402751731362,22,-3.988106476540917,verano,-5.420246751714053,noche
23.585034220292837,4,6.1859930126235305,verano,-17.399041207669306,madrugada
20.90641202289479,4,1.7256465009032844,verano,-19.180765521991507,madrugada
7.908135901642026,5,-4.892237393862867,primavera,-12.800373295504894,madrugada
-4.322120390018549,12,-17.905537158009757,primavera,-13.583416767991208,mañana
23.578659779639978,8,15.656477475021,otoño,-7.922182304618978,mañana
16.015385045189664,21,1.9076834287505111,verano,-14.107701616439153,noche
28.615919586781963,14,16.076300550814125,primavera,-12.539619035967839,tarde
16.00817505559967,13,2.959107287185283,verano,-13.049067768414385,tarde
32.609075015927004,23,22.42900945992246,primavera,-10.180065556004543,noche
17.595341938724278,6,2.9672383679840184,invierno,-14.62810357074026,madrugada
18.046898576769312,19,5.7801886560660805,invierno,-12.266709920703232,noche
33.832680132917254,1,20.78516917905592,verano,-13.047510953861334,madrugada
10.17414331061985,6,-3.1198033379686194,otoño,-13.29394664858847,madrugada
-3.299238577467963,5,-16.114450561617264,primavera,-12.8152119841493,madrugada
-8.560866184333051,16,-22.288404579994328,primavera,-13.727538395661277,tarde
27.75686278368095,1,16.63105887956158,invierno,-11.125803904119373,madrugada
21.015477567673237,2,3.978617793065276,invierno,-17.03685977460796,madrugada
25.20398840496118,4,9.797003638512075,otoño,-15.406984766449105,madrugada
0.6482080754455364,4,-10.317136626508873,otoño,-10.96534470195441,madrugada
-3.1814262206615123,0,-15.6003645032499,otoño,-12.418938282588387,
-9.272766716605904,7,-14.396807079379052,verano,-5.1240403627731475,mañana
7.529377940329848,11,-2.1583017143152112,invierno,-9.68767965464506,mañana
19.495884342731653,23,6.48323173513165,verano,-13.012652607600003,noche
9.612202254986617,3,-6.371372587990972,invierno,-15.983574842977589,madrugada
11.873746101186452,12,3.90136802410028,invierno,-7.972378077086171,mañana
35.20793472468742,22,27.20874360961757,primavera,-7.9991911150698485,noche
7.412773351165018,14,-5.019158636151015,invierno,-12.431931987316034,tarde
15.69947445799054,10,10.218046098207004,invierno,-5.481428359783536,mañana
29.18265063705715,9,15.15370068513728,verano,-14.02894995191987,mañana
9.827139116063506,2,-8.695499627848307,invierno,-18.522638743911813,madrugada
21.10433501139368,21,9.42628817912961,verano,-11.67804683226407,noche
33.11818543733726,13,22.185969736263417,otoño,-10.932215701073844,tarde
37.4760311828821,15,23.55300620148558,invierno,-13.923024981396523,tarde
-2.646325953548104,9,-9.499627748835248,invierno,-6.853301795287145,mañana
36.32938125807472,9,30.539689636166436,verano,-5.789691621908283,mañana
14.60581465397691,11,7.210712954881529,otoño,-7.395101699095381,mañana
2.912219414947918,8,-10.033563372053983,primavera,-12.945782787001901,mañana
12.956787811913069,0,2.6100851446482345,otoño,-10.346702667264834,
39.00162876427385,4,23.17356041343896,verano,-15.828068350834894,madrugada
14.63090469964348,19,-0.3234704622696185,otoño,-14.954375161913099,noche
6.437580514375412,7,-7.119380423999981,verano,-13.556960938375394,mañana
21.67004271583629,10,11.455585825400394,verano,-10.214456890435894,mañana
2.0072809389096538,11,-3.6291281539567697,primavera,-5.636409092866423,mañana
-6.206833594566804,0,-24.520568738423904,invierno,-18.3137351438571,
-3.556013904467539,21,-14.545798986239644,verano,-10.989785081772105,noche
-3.5977080521113782,19,-9.747038022707049,verano,-6.14932997059567,noche
-2.404865324385282,10,-8.343438172618844,primavera,-5.938572848233562,mañana
-3.058641367529493,4,-22.15490956189542,verano,-19.096268194365926,madrugada
22.04373724016073,14,10.351734610779946,invierno,-11.692002629380784,tarde
-0.9059957800427584,4,-19.198863773210316,primavera,-18.292867993167558,madrugada
7.283364166193159,11,-6.506424836629513,invierno,-13.789789002822673,mañana
34.839420495300594,4,19.12169697481737,invierno,-15.717723520483222,madrugada
13.69808201314362,16,3.5236184955932064,primavera,-10.174463517550414,tarde
23.37788692605136,16,14.073612822841458,verano,-9.304274103209902,tarde
-1.384006439918508,23,-14.5534723178297,invierno,-13.169465877911191,noche
-0.3855490595664612,11,-9.73150866815358,invierno,-9.345959608587119,mañana
-7.956569186676057,23,-25.695365743977614,invierno,-17.73879655730156,noche
-1.5532468463917724,14,-12.572481156543088,invierno,-11.019234310151315,tarde
3.9295169515979302,14,-9.995715947950533,primavera,-13.925232899548464,tarde
-1.1494757861626592,5,-15.583275929954535,primavera,-14.433800143791876,madrugada
-5.56487331214722,11,-16.63576909933476,otoño,-11.070895787187538,mañana
-3.96820644496996,19,-15.281281975889849,otoño,-11.313075530919889,noche
13.038938401636289,17,2.1219667785730323,invierno,-10.916971623063256,tarde
0.3166859202896255,13,-11.709651810565536,verano,-12.026337730855161,tarde
8.213493052403773,1,-4.16084163134429,invierno,-12.374334683748064,madrugada
15.170863542742843,8,5.047225767284937,verano,-10.123637775457906,mañana
24.519741431468265,4,13.477493403384784,invierno,-11.042248028083481,madrugada
-8.034393007945052,19,-16.879506284393177,otoño,-8.845113276448124,noche
29.97051994545213,0,15.093849259239487,otoño,-14.876670686212641,
21.39501947454539,22,9.872776879090663,verano,-11.522242595454726,noche
-5.912048402556405,2,-25.41735892841844,invierno,-19.505310525862036,madrugada
33.67893120533886,5,17.672420539855302,verano,-16.00651066548356,madrugada
36.04362002659066,4,18.607680864825063,otoño,-17.435939161765596,madrugada
-6.946102007256813,20,-17.00876260220884,invierno,-10.062660594952028,noche
3.843882407360187,4,-12.497157906403128,invierno,-16.341040313763315,madrugada
30.310063989653067,0,19.60074182831533,verano,-10.709322161337738,
27.41298451918292,16,19.86906871076445,primavera,-7.543915808418472,tarde
-0.7739490321811342,18,-9.39247996423252,verano,-8.618530932051385,tarde
0.4674661668355142,13,-9.25746738322962,otoño,-9.724933550065135,tarde
8.5236051395691,11,3.067117684545262,otoño,-5.456487455023837,mañana
14.226149259551065,9,7.825908284017887,otoño,-6.400240975533178,mañana
20.9127385765148,19,13.14459549860174,otoño,-7.768143077913061,noche
8.445681978488622,20,-6.269644930521885,otoño,-14.715326909010507,noche
13.126735806657392,17,4.813265735626885,primavera,-8.313470071030507,tarde
27.373546906687828,23,12.553136325567005,invierno,-14.820410581120823,noche
-8.165839855470105,10,-15.126816982854034,verano,-6.960977127383929,mañana
2.6218472172010383,1,-13.485953493556645,verano,-16.107800710757683,madrugada
25.66747929422762,17,17.860647139067876,otoño,-7.806832155159743,tarde
34.76034188435997,6,27.6904160999757,verano,-7.069925784384267,madrugada
15.583872105783309,23,0.4181458213235167,otoño,-15.165726284459792,noche
16.605674263265783,14,11.550616271661577,primavera,-5.055057991604206,tarde
-4.641399433011197,10,-9.718039759503451,primavera,-5.076640326492254,mañana
12.370618341172731,17,5.179930250154156,invierno,-7.1906880910185755,tarde
16.630863322751157,22,11.263649697742943,primavera,-5.367213625008214,noche
2.123525181736482,11,-3.956732359570431,primavera,-6.0802575413069135,mañana
3.462161547469048,5,-9.926444945918467,invierno,-13.388606493387515,madrugada
8.864208155231132,19,-4.161648640566996,verano,-13.025856795798129,noche
-8.996440111113682,22,-19.71692654480669,otoño,-10.720486433693008,noche
6.103958279158913,12,-4.022718980405251,otoño,-10.126677259564165,mañana
0.5724003498272321,19,-7.362487882253984,verano,-7.934888232081216,noche
6.374867608895734,15,-7.94266958543243,invierno,-14.317537194328164,tarde
-4.011893409037439,17,-12.982043821409356,verano,-8.970150412371916,tarde
34.52636403699475,9,28.655436369037037,primavera,-5.870927667957712,mañana
19.679622677702437,22,8.50895751652442,invierno,-11.170665161178016,noche
23.95511595722448,7,17.816732022458464,invierno,-6.138383934766015,mañana
29.458561930366912,17,21.00633050234999,invierno,-8.452231428016923,tarde
14.922109946452863,20,4.847990559274775,otoño,-10.074119387178088,noche
-5.653985595628815,0,-24.39621084248057,verano,-18.742225246851756,
16.85532709092739,22,6.919861287526203,invierno,-9.935465803401186,noche
19.34205590104396,7,7.319468240727314,invierno,-12.022587660316645,mañana
27.271973709216496,5,7.343805319225794,invierno,-19.928168389990702,madrugada
11.582977311483967,4,0.268086112504152,verano,-11.314891198979815,madrugada
-3.620984860221812,14,-11.368300115417007,otoño,-7.747315255195195,tarde
4.188795289936223,21,-4.75696546604024,primavera,-8.945760755976464,noche
8.154114819931756,14,-1.0641669654565575,otoño,-9.218281785388314,tarde
22.295862066580064,1,8.185651313924605,invierno,-14.110210752655458,madrugada
18.538915233445596,0,-0.5371947921199549,otoño,-19.07611002556555,
7.804836294892311,22,-4.335490149776252,otoño,-12.140326444668563,noche
39.32576243964898,22,28.246710298741945,primavera,-11.079052140907038,noche
20.28874096784436,10,12.195013789216535,verano,-8.093727178627827,mañana
1.8613395867997244,9,-11.376564255413223,verano,-13.237903842212948,mañana
-4.910876368979813,17,-19.4614814838297,otoño,-14.550605114849887,tarde
-2.357043040783399,17,-15.569025866285664,otoño,-13.211982825502265,tarde
2.2978864192254065,16,-2.717764632689322,verano,-5.015651051914729,tarde
-1.965931337022216,7,-13.329945038856286,verano,-11.36401370183407,mañana
-0.6716487974347114,14,-6.183002611855718,primavera,-5.511353814421007,tarde
4.254758434692356,7,-3.3213137686448637,invierno,-7.576072203337219,mañana
-1.3313202352622593,16,-6.926567238739976,otoño,-5.595247003477716,tarde
34.83827123132126,11,23.80031670182738,verano,-11.037954529493877,mañana
-5.988312716917889,7,-17.854211851843957,otoño,-11.865899134926067,mañana
16.225569478512732,13,10.08069309785368,otoño,-6.144876380659051,tarde
10.519841349483077,3,-3.3185474809667177,verano,-13.838388830449794,madrugada
39.11893084543032,0,24.5565657558749,primavera,-14.56236508955542,
-4.398054891597383,0,-18.088585109206548,otoño,-13.690530217609165,
9.892779952287082,18,3.682529947435152,primavera,-6.210250004851931,tarde
38.473521663768445,15,29.28404376189369,verano,-9.189477901874753,tarde
33.275356294699016,13,20.76357581661484,invierno,-12.511780478084177,tarde
30.853603547464,20,25.14352690213144,invierno,-5.71007664533256,noche
2.8951413522469918,15,-2.9066587885720434,otoño,-5.801800140819035,tarde
-1.4556206304967088,4,-15.003333548856553,verano,-13.547712918359844,madrugada
23.432160996221548,8,9.014903880032296,primavera,-14.417257116189251,mañana
36.46879945637929,1,19.783072989150146,otoño,-16.68572646722914,madrugada
17.83814465069649,17,6.05144508397084,verano,-11.786699566725648,tarde
18.580634473494992,5,4.961434565116342,verano,-13.61919990837865,madrugada
3.998954683014208,8,-6.937653229071177,primavera,-10.936607912085385,mañana
28.474646659596843,0,18.37333481931941,otoño,-10.101311840277432,
-0.647812572123831,8,-12.008773036219251,verano,-11.36096046409542,mañana
6.183961820212183,15,-7.948907655550185,verano,-14.132869475762368,tarde
11.271821930820838,12,0.1460872473726464,verano,-11.125734683448192,mañana
15.38051893422275,8,1.643532999559298,primavera,-13.736985934663451,mañana
2.1204866207540114,20,-10.119243933906926,otoño,-12.239730554660937,noche
-4.258158763039823,12,-10.463742927076726,otoño,-6.205584164036903,mañana
20.53100212208163,8,6.506469049223213,otoño,-14.024533072858418,mañana
4.431527662012789,10,-1.2329107815449607,otoño,-5.664438443557749,mañana
19.061911071130613,3,3.7222363456529752,invierno,-15.339674725477638,madrugada
-2.281864236289884,1,-13.70323547422446,invierno,-11.421371237934576,madrugada
14.057005092740871,5,3.939938985431832,otoño,-10.11706610730904,madrugada
16.629471627579292,13,7.409129026302903,primavera,-9.22034260127639,tarde
-7.408823158878654,3,-20.359230235420217,invierno,-12.950407076541563,madrugada
6.830213909696028,5,-8.029791028280002,verano,-14.86000493797603,madrugada
-3.279266153051288,18,-14.051265020396798,invierno,-10.77199886734551,tarde
-6.831251476361613,5,-17.268642199451087,verano,-10.437390723089473,madrugada
39.49801161949726,1,28.267978668259808,otoño,-11.230032951237455,madrugada
6.117692248736148,17,-4.468731715768104,invierno,-10.586423964504252,tarde
30.493722292731743,12,22.062048761005165,primavera,-8.431673531726577,mañana
2.732032738188192,8,-9.559702137306289,invierno,-12.29173487549448,mañana
24.075136111196464,22,12.552219625277068,invierno,-11.522916485919396,noche
28.011392994484325,18,14.555349364585258,invierno,-13.456043629899067,tarde
19.78193703039221,12,7.857008763699962,otoño,-11.924928266692248,mañana
13.57880942750792,10,4.279498653606439,primavera,-9.299310773901482,mañana
10.592045707363424,0,-6.137620516580899,invierno,-16.72966622394432,
7.4434133271497664,23,-5.310398415404418,primavera,-12.753811742554184,noche
36.476457212391296,21,28.413322224609168,otoño,-8.063134987782128,noche
31.530970389386454,6,18.64111879017852,verano,-12.889851599207933,madrugada
38.251345533325626,20,28.787150369309806,invierno,-9.46419516401582,noche
-3.785138825722764,14,-16.76894223090629,primavera,-12.983803405183526,tarde
26.543373760182213,0,8.319150023499429,primavera,-18.224223736682784,
36.91702284105189,11,23.34139946443905,otoño,-13.575623376612839,mañana
-0.9383466917169924,6,-15.104699050129064,invierno,-14.166352358412071,madrugada
-6.675186631661125,14,-15.985038836794088,verano,-9.309852205132962,tarde
27.056032464502955,20,18.867364281291568,primavera,-8.188668183211387,noche
18.7236556589956,18,7.901668193054458,invierno,-10.821987465941142,tarde
32.0914388379136,0,18.379714603537323,verano,-13.711724234376277,
-3.011381168685525,16,-14.022122836687853,primavera,-11.010741668002328,tarde
29.76336559299451,16,17.707506966556267,primavera,-12.055858626438244,tarde
0.0813660023872273,2,-16.802684182534144,verano,-16.88405018492137,madrugada
-1.8172028567147755,11,-10.562731726915988,verano,-8.745528870201213,mañana
-1.7867101034503534,5,-13.45531212043788,otoño,-11.668602016987526,madrugada
30.728736011569104,10,21.42344262694703,invierno,-9.305293384622075,mañana
23.259861034810008,2,11.83391959399092,invierno,-11.425941440819088,madrugada
16.153271238455964,7,2.2523008866178813,otoño,-13.900970351838083,mañana
7.941524206175124,13,-0.5172504012034498,primavera,-8.458774607378574,tarde
33.86002704065541,13,27.31542956842217,verano,-6.544597472233239,tarde
9.622255371131768,9,4.367777772074259,verano,-5.254477599057509,mañana
30.829971973578857,1,14.371748110714016,verano,-16.45822386286484,madrugada
11.95674542851092,13,0.5877222539634879,primavera,-11.369023174547433,tarde
8.84722147124538,8,0.441179805432462,verano,-8.406041665812918,mañana
13.133989283480322,2,2.416870395003812,verano,-10.71711888847651,madrugada
5.068893708207105,20,-4.027395240745216,otoño,-9.09628894895232,noche
27.380469008812558,7,19.26829405817862,primavera,-8.11217495063394,mañana
15.136019504623956,15,3.3648131072738625,invierno,-11.771206397350094,tarde
1.6106347573408648,1,-14.44715773718604,otoño,-16.057792494526904,madrugada
34.978728663728425,5,21.332791381753022,otoño,-13.645937281975403,madrugada
9.194561068660567,20,2.0156355261106675,invierno,-7.1789255425499,noche
17.17764305569943,11,2.2972833941435127,otoño,-14.880359661555918,mañana
35.32360554822735,4,20.7835893362662,primavera,-14.540016211961149,madrugada
21.211899795699605,1,4.3291574378972335,verano,-16.88274235780237,madrugada
-4.155097964581796,15,-10.560627640365404,primavera,-6.405529675783607,tarde
36.99160618067376,4,22.13570918407978,invierno,-14.855896996593984,madrugada
21.385402653570893,14,16.11003545487624,invierno,-5.275367198694653,tarde
6.7452807328543045,11,-3.309270446250196,otoño,-10.0545511791045,mañana
-3.036396366830637,3,-22.67657043800766,primavera,-19.64017407117702,madrugada
29.7012594635148,14,20.8591923336568,primavera,-8.842067129857998,tarde
21.003637796425675,10,15.61367767067656,invierno,-5.3899601257491145,mañana
16.673054598816076,15,11.36349668962264,primavera,-5.309557909193437,tarde
34.69462915254788,22,25.814761553079187,invierno,-8.879867599468696,noche
29.42986056122654,5,17.8296111965946,primavera,-11.600249364631942,madrugada
-2.4162560133624407,13,-7.6497769766443,primavera,-5.233520963281859,tarde
5.586103389777412,17,-6.976032749724356,primavera,-12.562136139501767,tarde
2.424456990723288,11,-7.16077309809562,invierno,-9.585230088818909,mañana
27.197314628633848,10,19.3048669089073,otoño,-7.8924477197265475,mañana
-8.323378263211032,12,-22.32421009337584,primavera,-14.000831830164808,mañana
18.494484243565825,20,12.33309464156057,invierno,-6.161389602005256,noche
28.122934287034525,22,13.563745997481332,invierno,-14.559188289553193,noche
33.838281838087475,10,25.698614664313947,primavera,-8.139667173773528,mañana
7.104087435795375,22,-6.779949287291437,primavera,-13.884036723086812,noche
31.06286523360064,15,20.033436468806023,otoño,-11.029428764794616,tarde
-4.468413152239639,14,-17.735486749654513,invierno,-13.267073597414875,tarde
32.32261458672591,20,17.48248295462127,invierno,-14.840131632104644,noche
-3.625566883400879,14,-11.509621261588336,verano,-7.884054378187457,tarde
9.864364528018363,3,-9.746990326057569,invierno,-19.611354854075934,madrugada
29.86476828897768,10,20.969949339953477,otoño,-8.894818949024202,mañana
-2.5041286325613115,18,-11.359247679930537,verano,-8.855119047369225,tarde
1.462569761632075,14,-6.941301280912981,verano,-8.403871042545056,tarde
26.112628419653312,3,10.69855234617746,verano,-15.414076073475853,madrugada
26.00182682730372,20,19.460376395518846,primavera,-6.541450431784874,noche
22.057381644264865,12,11.520266790684753,primavera,-10.537114853580112,mañana
24.697422223355,21,14.280374099254958,invierno,-10.417048124100043,noche
17.13622216737981,18,4.517204041331109,verano,-12.6190181260487,tarde
2.589952945347637,1,-15.74654667402822,otoño,-18.336499619375857,madrugada
7.284799675195973,13,-2.1196138279282675,primavera,-9.40441350312424,tarde
-0.9201141599287171,3,-13.943446653443656,otoño,-13.023332493514939,madrugada
35.422528066681416,15,27.829179093510472,otoño,-7.593348973170944,tarde
19.169589738306023,20,12.223351371257303,primavera,-6.9462383670487196,noche
10.042570838181994,19,4.466095016191746,primavera,-5.576475821990249,noche
13.100290182206637,13,4.675810393859502,primavera,-8.424479788347135,tarde
37.36416698059077,14,29.66169005928293,primavera,-7.702476921307838,tarde
-2.33242984419599,2,-21.99660370286006,verano,-19.66417385866407,madrugada
19.31149160083986,7,8.734403338339423,verano,-10.577088262500439,mañana
15.2944339442233,15,6.821663553918224,verano,-8.472770390305076,tarde
20.57271177173239,9,9.76803576179543,verano,-10.80467600993696,mañana
-9.094490808957977,3,-20.48645782241493,invierno,-11.391967013456954,madrugada
33.606195447207575,17,24.165757955185548,verano,-9.440437492022028,tarde
36.60591412418062,1,20.343570909969984,primavera,-16.262343214210638,madrugada
18.25665917946045,16,8.36768086153593,otoño,-9.888978317924519,tarde
24.83254119384461,12,15.81475318730137,verano,-9.017788006543238,mañana
36.12496905886479,3,16.1864851698678,invierno,-19.93848388899699,madrugada
25.36193171566993,10,11.558784094180664,primavera,-13.803147621489265,mañana
-2.3730478542869324,6,-13.607107435881334,otoño,-11.234059581594401,madrugada
18.81441800834066,11,8.120644396517832,otoño,-10.693773611822827,mañana
20.335752319142795,9,9.129147520896954,verano,-11.206604798245841,mañana
11.2065335651193,6,4.193412486894968,otoño,-7.013121078224331,madrugada
26.822211781236145,12,17.870834348592957,verano,-8.951377432643188,mañana
36.718350738450745,6,31.323755409541757,verano,-5.394595328908988,madrugada
36.278425645338814,23,21.522965270470547,primavera,-14.755460374868267,noche
12.541968570206606,16,2.1117227306299746,primavera,-10.430245839576632,tarde
-4.338097707962238,9,-11.615595068994336,invierno,-7.277497361032099,mañana
39.242059948116726,9,24.601771476461582,primavera,-14.640288471655143,mañana
31.944904322296708,23,12.850358212924288,primavera,-19.09454610937242,noche
-3.7668659398366575,3,-20.98829829439572,verano,-17.221432354559063,madrugada
36.04209413086862,19,25.708227843214992,primavera,-10.333866287653628,noche
33.49481810310641,3,14.79512650662956,verano,-18.699691596476853,madrugada
15.941902856303606,21,9.635379418068975,verano,-6.306523438234631,noche
19.563771787246463,6,6.6586738444976135,primavera,-12.90509794274885,madrugada
9.950135193506512,21,3.7019270538380287,invierno,-6.248208139668483,noche
-7.261918058898433,0,-25.20402468439249,invierno,-17.942106625494056,
6.759862082295047,11,-0.9978136002185228,otoño,-7.75767568251357,mañana
30.14267242990057,23,11.371766619718684,otoño,-18.770905810181887,noche
-9.768398849769858,12,-24.20881978802384,primavera,-14.44042093825398,mañana
6.67495858455721,9,0.1869988905060537,invierno,-6.487959694051156,mañana
9.908434679547168,14,0.281678628893232,verano,-9.626756050653936,tarde
16.869780146896144,12,2.059906365269292,otoño,-14.809873781626852,mañana
35.992780820638025,22,26.15870646090656,verano,-9.834074359731463,noche
7.317299718298063,21,-6.318175506847389,otoño,-13.635475225145452,noche
7.347660094811385,21,-3.539655126501813,primavera,-10.887315221313198,noche
26.87506240548742,20,18.1217633262914,invierno,-8.753299079196019,noche
12.610897044490358,21,4.753061489231656,otoño,-7.857835555258702,noche
1.2302411469990986,8,-5.801989763861775,invierno,-7.032230910860873,mañana
12.62197580663467,8,0.0039938928576965,verano,-12.617981913776973,mañana
-2.957148981010008,14,-11.822554049240289,primavera,-8.865405068230281,tarde
-1.1806506746888346,9,-11.293405296696346,invierno,-10.112754622007511,mañana
14.918388636973988,23,-0.0048661630378319,primavera,-14.92325480001182,noche
10.946272475227396,9,0.1734821828960839,invierno,-10.772790292331312,mañana
35.742295053405,7,22.08652359715948,verano,-13.655771456245521,mañana
8.119694955831655,23,-11.687698480002638,verano,-19.807393435834292,noche
19.02941751390217,15,9.953575428164,primavera,-9.075842085738172,tarde
21.61321439597652,16,8.33802517491349,verano,-13.27518922106303,tarde
-9.345277170583318,4,-26.99055511713049,otoño,-17.645277946547175,madrugada
23.176868600835533,3,7.4415790862798,invierno,-15.735289514555733,madrugada
-1.098201656512428,17,-15.65867309263176,verano,-14.560471436119332,tarde
38.05351587347276,23,26.048770718188727,otoño,-12.004745155284034,noche
-2.5668636123443527,18,-8.659505715440567,primavera,-6.092642103096214,tarde
10.731206186351187,3,-7.808413483203033,otoño,-18.53961966955422,madrugada
-5.732516596067807,6,-15.12401476240529,primavera,-9.391498166337483,madrugada
39.843712592297365,9,26.37402405022676,primavera,-13.469688542070603,mañana
15.10975051656213,17,1.1788484646079809,invierno,-13.930902051954149,tarde
19.76925086600219,18,14.144674929811474,invierno,-5.624575936190714,tarde
-6.646176130578626,3,-25.48082376043923,otoño,-18.834647629860605,madrugada
27.49802351995889,9,18.01483296626467,invierno,-9.483190553694218,mañana
0.4952796547792886,0,-14.609045235263034,invierno,-15.104324890042323,
34.90271447203569,22,23.636789361103588,invierno,-11.265925110932102,noche
0.256982024100358,17,-14.006844043200507,otoño,-14.263826067300865,tarde
-0.4656139668166723,4,-10.656774911114312,verano,-10.19116094429764,madrugada
-8.172516607595256,14,-17.940951290773427,invierno,-9.768434683178171,tarde
13.603347255499962,16,1.726126831194355,invierno,-11.877220424305607,tarde
18.24205666313082,2,1.0149870861485368,otoño,-17.227069576982284,madrugada
-6.714568028582382,11,-18.639892343953463,verano,-11.925324315371082,mañana
28.77638083475053,1,17.43202954066931,invierno,-11.344351294081221,madrugada
12.66444173740138,0,-0.3295141463154323,primavera,-12.993955883716811,
16.219513466379002,22,7.632358212208867,otoño,-8.587155254170135,noche
12.038137346911409,20,-1.0062347298836407,invierno,-13.04437207679505,noche
10.0381530437663,16,2.25055431962077,invierno,-7.78759872414553,tarde
17.982016565410895,21,10.874966926738864,primavera,-7.107049638672031,noche
-2.237987703464375,15,-16.812467893845337,primavera,-14.574480190380962,tarde
-0.9035934752364448,4,-10.992226326371132,otoño,-10.088632851134687,madrugada
33.089281050675865,14,18.111072493856085,otoño,-14.97820855681978,tarde
37.305773106681634,2,20.53756011810768,primavera,-16.768212988573953,madrugada
8.665465813987648,6,-4.619227180503522,otoño,-13.28469299449117,madrugada
3.537233657177689,10,-4.408960306284243,primavera,-7.946193963461932,mañana
22.19997716195079,9,17.05682438528019,invierno,-5.1431527766706004,mañana
10.436708554904818,8,-1.9419866307104807,primavera,-12.3786951856153,mañana
-8.730682216982757,13,-22.07212818698952,primavera,-13.341445970006763,tarde
-2.192370131690482,12,-14.597131451225676,verano,-12.404761319535194,mañana
25.798611442369875,1,14.37010856936149,primavera,-11.428502873008386,madrugada
22.94619709550757,2,5.411917872937881,primavera,-17.53427922256969,madrugada
-8.645200374825826,6,-21.334428195902237,verano,-12.689227821076411,madrugada
1.0986080966474727,20,-10.486797060053076,otoño,-11.58540515670055,noche
1.55373982940357,17,-11.107419498552291,verano,-12.661159327955861,tarde
23.59463717993642,2,5.1354227831591,invierno,-18.45921439677732,madrugada
-9.014473112281792,9,-20.150514254656372,verano,-11.13604114237458,mañana
-4.794570900771308,21,-10.680618040468095,invierno,-5.886047139696787,noche
29.99580426865947,6,20.11952617198736,otoño,-9.87627809667211,madrugada
-1.0727668972833193,8,-6.84926024399937,verano,-5.776493346716051,mañana
22.63730539259374,16,13.561875082269433,verano,-9.075430310324306,tarde
1.9091390523363247,10,-7.161925838919952,otoño,-9.071064891256277,mañana
-5.027930362032742,6,-10.688028803435158,invierno,-5.660098441402416,madrugada
2.158609549972704,23,-11.32959578972209,verano,-13.488205339694794,noche
26.11334659278296,13,20.003365604869813,invierno,-6.109980987913147,tarde
32.784823405314285,18,19.702471305222065,verano,-13.08235210009222,tarde
31.510993228349577,3,12.034112968704868,primavera,-19.47688025964471,madrugada
9.85917648092274,5,-0.8639882716566447,verano,-10.723164752579384,madrugada
23.40425682853231,9,8.853104755615297,otoño,-14.551152072917015,mañana
0.249214770791049,6,-9.976551222576402,otoño,-10.225765993367451,madrugada
4.657386513050664,12,-3.338270266488075,invierno,-7.995656779538739,mañana
34.81679092605599,13,29.048170173294352,verano,-5.768620752761635,tarde
-9.349903824463198,3,-24.356146505167374,invierno,-15.006242680704176,madrugada
-5.7245734572765965,7,-18.669728902184083,invierno,-12.945155444907487,mañana
0.3943127573013658,4,-16.676552015365615,primavera,-17.07086477266698,madrugada
-8.673389806309014,0,-19.17564992094875,primavera,-10.502260114639736,
-0.9282282455101338,3,-11.657246599189168,otoño,-10.729018353679034,madrugada
19.152078048484608,2,5.123345222158237,invierno,-14.02873282632637,madrugada
11.0712275296249,8,3.118322589145466,otoño,-7.952904940479435,mañana
34.63358555384874,7,27.309742323288265,verano,-7.323843230560474,mañana
30.872178086922048,0,18.062133097834916,invierno,-12.810044989087132,
7.0908675848938,5,-10.943959848075046,invierno,-18.034827432968846,madrugada
2.9711716715646244,8,-11.321108864753915,verano,-14.29228053631854,mañana
8.984620408363345,6,-0.0664065369123196,verano,-9.051026945275664,madrugada
19.51474712574039,3,0.4536371044154172,otoño,-19.06111002132497,madrugada
3.403182041143813,12,-4.811774971335007,otoño,-8.21495701247882,mañana
21.2074453924567,16,11.443075529018785,verano,-9.764369863437917,tarde
10.470582609562022,1,-1.7897073685979752,otoño,-12.260289978159998,madrugada
17.602359042599012,4,1.197598620840573,verano,-16.40476042175844,madrugada
11.806326456765834,11,-2.9834846949822555,invierno,-14.78981115174809,mañana
4.723287977095884,20,-6.311642983337903,invierno,-11.034930960433787,noche
37.42266534810784,7,28.844524506972345,primavera,-8.578140841135497,mañana
28.18028970798804,5,11.702115248082755,invierno,-16.478174459905286,madrugada
-2.994341211677373,7,-9.223547996331249,verano,-6.229206784653876,mañana
33.42339879489564,17,19.536807992241656,otoño,-13.886590802653984,tarde
14.371559912475682,2,-0.6592795953226815,primavera,-15.030839507798364,madrugada
34.72761134470457,21,25.23411392430815,otoño,-9.49349742039642,noche
29.992762797365764,11,19.13411491283057,verano,-10.858647884535195,mañana
11.260675223461671,2,-4.987163404432355,invierno,-16.247838627894026,madrugada
-8.87653458399413,21,-14.59429264625926,primavera,-5.71775806226513,noche
3.433867969247304,5,-13.39230424298672,verano,-16.826172212234024,madrugada
17.081710733043344,1,4.662393929888049,primavera,-12.419316803155295,madrugada
21.673910991307363,22,9.534384666241465,primavera,-12.139526325065898,noche
2.8943842716601136,11,-10.330963672181854,invierno,-13.225347943841967,mañana
-3.0321962963587934,1,-21.071781371884,verano,-18.039585075525206,madrugada
31.746511839964956,5,16.22150216588606,otoño,-15.525009674078895,madrugada
39.22010903517761,16,29.018410112070097,primavera,-10.20169892310751,tarde
16.28450911513429,2,4.855749501740174,primavera,-11.428759613394117,madrugada
-1.416035707584825,1,-19.169497211616186,otoño,-17.75346150403136,madrugada
3.615366325968449,22,-4.098727478498695,verano,-7.714093804467144,noche
-9.080466172626664,19,-19.04742040080613,primavera,-9.966954228179464,noche
35.71494032802495,7,27.872199398749785,primavera,-7.842740929275166,mañana
-4.112445855492943,21,-10.450729485489877,primavera,-6.338283629996933,noche
18.82582377571268,11,7.530246806795311,verano,-11.29557696891737,mañana
3.7027610343603,3,-6.840559313868738,verano,-10.543320348229038,madrugada
17.708900125789672,4,0.2224477845276702,otoño,-17.486452341262,madrugada
22.571019417593213,12,14.395151464982046,verano,-8.175867952611167,mañana
31.48709018536008,14,26.485743255315228,verano,-5.001346930044853,tarde
0.3210635880301602,22,-9.790227804342138,invierno,-10.111291392372298,noche
-9.450208567075975,15,-14.918727652352008,otoño,-5.468519085276032,tarde
-3.1557184965596363,9,-10.917414074768631,primavera,-7.761695578208995,mañana
35.00093209240526,22,22.931167217848092,verano,-12.069764874557166,noche
33.694503878125765,15,28.067607661907108,primavera,-5.6268962162186575,tarde
19.87065510851541,11,6.47727018495539,primavera,-13.39338492356002,mañana
20.025843021682668,16,14.987643795096837,invierno,-5.0381992265858315,tarde
23.25183372731277,15,15.783595035293748,verano,-7.468238692019023,tarde
-1.23143606882752,11,-13.640476630348235,otoño,-12.409040561520715,mañana
35.72059729624799,7,27.55789579895492,verano,-8.162701497293067,mañana
10.938526244603654,19,4.919602363943519,primavera,-6.018923880660135,noche
9.156926412474874,2,-4.445412775529405,otoño,-13.60233918800428,madrugada
15.94588526414188,15,8.241952400296624,verano,-7.703932863845257,tarde
-7.651701661247248,12,-21.0788206828528,primavera,-13.427119021605552,mañana
-1.6858315621960287,22,-9.81931073804746,primavera,-8.13347917585143,noche
26.90168082131852,18,14.01235610355845,invierno,-12.889324717760072,tarde
-5.860066603743677,7,-19.778788051851024,invierno,-13.918721448107346,mañana
20.15760547331941,21,10.819431277554116,invierno,-9.338174195765294,noche
2.267455484066048,4,-16.831975954477873,primavera,-19.09943143854392,madrugada
9.464780702098828,19,0.6916001624668997,verano,-8.773180539631928,noche
4.434686838534994,7,-10.206097326366088,invierno,-14.640784164901081,mañana
7.783635823247458,23,-3.109259422008272,verano,-10.89289524525573,noche
25.95229525921228,11,14.082102594179853,invierno,-11.870192665032429,mañana
4.85608578115875,0,-10.082054623410537,otoño,-14.938140404569287,
18.32023201484486,20,9.443743960288389,otoño,-8.87648805455647,noche
13.802520109954983,19,2.475401322468974,invierno,-11.32711878748601,noche
23.18355826813241,5,6.144987351789098,primavera,-17.03857091634331,madrugada
36.8414869662379,21,31.797854269734813,invierno,-5.043632696503089,noche
26.62860486051252,17,19.95907397304053,invierno,-6.669530887471989,tarde
0.7470189295378376,7,-11.38344157680535,primavera,-12.130460506343187,mañana
-8.440843246935767,6,-20.10469738271783,otoño,-11.663854135782064,madrugada
3.1132022149912544,0,-16.54727283629552,verano,-19.660475051286774,
19.753896535012743,20,7.143518632504913,invierno,-12.61037790250783,noche
-7.428709325787483,15,-21.936436403100863,primavera,-14.50772707731338,tarde
14.818312360061816,11,2.792907344713747,invierno,-12.025405015348069,mañana
19.84214244584446,5,6.861620359450027,primavera,-12.980522086394432,madrugada
6.712194540848042,19,0.6585453183394776,verano,-6.0536492225085645,noche
28.545610187291096,1,10.727371553841742,verano,-17.818238633449354,madrugada
-4.67008734331141,13,-16.111579558070567,otoño,-11.441492214759156,tarde
-6.243110913209562,3,-16.724971037142524,primavera,-10.481860123932961,madrugada
26.409437810180165,0,12.808933151170384,primavera,-13.600504659009781,
14.774565810309925,22,0.2065676554670616,otoño,-14.567998154842863,noche
24.420119821386805,17,14.416108364284792,otoño,-10.004011457102013,tarde
11.741366930187311,12,2.414075569990265,primavera,-9.327291360197046,mañana
2.3201016619553414,1,-12.256894389637598,otoño,-14.576996051592939,madrugada
30.955115883709983,8,23.86628864365835,verano,-7.088827240051632,mañana
29.970793948448964,20,21.28372223980101,invierno,-8.687071708647956,noche
24.734823542721337,1,11.03669098284957,verano,-13.698132559871766,madrugada
3.607256861498135,8,-1.9162933403765896,otoño,-5.523550201874725,mañana
19.511533343454357,0,1.8358570582751703,primavera,-17.675676285179186,
8.04869484700134,10,-1.1163494720374505,primavera,-9.16504431903879,mañana
-5.420896333668292,2,-23.642695201832527,verano,-18.221798868164235,madrugada
35.86567877311214,19,22.362198761913184,primavera,-13.503480011198953,noche
-3.15906845405193,22,-10.27900900103851,otoño,-7.11994054698658,noche
37.51186769104012,3,20.93833286933884,verano,-16.573534821701283,madrugada
12.300288647897789,17,2.577470606267969,primavera,-9.72281804162982,tarde
